Patent_Code,Patent_Number,Patent_ID,Status,Classes,Title,Organization,ID_univerzita
PUV,2013-28060,25984,Zaniklý dokument,"G01W1/14, G01W1/02, G01J1/00, G01K7/00",CS: Zařízení na měření časového průběhu výšky a teplotního profilu sněhové vrstvy a teploty vzduchuEN: Apparatus to measure time behavior of height and temperature profile of snow layer and air temperature,"Česká zemědělská univerzita v Praze, Praha - Suchdol, Česká republika",3
PUV,2015-31518,28839,Zaniklý dokument,"E02B3/00, E02B15/00, E02B11/00",CS: Retenční systém pro snížení kontaminace radionuklidyEN: Reference system for reducing radionuclide contamination,"Česká zemědělská univerzita v Praze, Praha 6, Česká republika",3
PUV,2015-31518,28839,Zaniklý dokument,"E02B3/00, E02B15/00, E02B11/00",CS: Retenční systém pro snížení kontaminace radionuklidyEN: Reference system for reducing radionuclide contamination,"Jihočeská univerzita v Českých Budějovicích, České Budějovice 2, Česká republika",6
PUV,2013-28513,26609,Zaniklý dokument,"E04F13/075, E04C2/34","CS: Lehký obvodový plášť panelového typu na bázi dřevaEN: Panel type, wood-based external cladding","České vysoké učení technické v Praze, Praha 6, Dejvice, Česká republika",4
PUV,2013-28675,26328,Zaniklý dokument,A61B8/04,CS: Systém pro měření a dlouhodobé sledování krevního tlakuEN: System for measuring and long-term monitoring physical activity,"České vysoké učení technické v Praze, Praha 6, Dejvice, Česká republika",4
PUV,2013-28677,26256,Zaniklý dokument,"G08B21/02, A61B5/11, G01S19/42, H04W88/02",CS: Zařízení pro podporu pacientů s onemocněním sclerosis multiplexEN: Device to support patients suffering from sclerosis multiplex disease,"České vysoké učení technické v Praze, Praha 6, Dejvice, Česká republika",4
PUV,2013-28678,26483,Zaniklý dokument,"H04L12/28, H04L27/00, H04L29/12",CS: Systém pro šifrovanou komunikaci s mobilními biotelemetrickými jednotkami v reálném čase.EN: System for encrypted communication with mobile biotelemetric unit in real time,"České vysoké učení technické v Praze, Praha 6, Dejvice, Česká republika",4
PV,2014-500,305286,Zaniklý dokument,"B25J9/00, G01L1/25, G01N23/00, G01N23/083, G01N23/20008, G01N23/20016, G01N23/20025",CS: Soustava pro měření zbytkových napětí v polykrystalických materiálech metodou rentgenové difrakceEN: System for measuring residual tension in polycrystalline materials using X-ray diffraction method,"České vysoké učení technické v Praze, Praha 6, Dejvice, Česká republika",4
PV,2014-979,306895,Zaniklý dokument,"A61B5/16, A61B5/0402, A61B5/02, A61B5/01, A61B5/053, A61B5/0408, A61B5/28",CS: Biotelemetrický systém pro podporu monitorování psychofyziologického stavu člověkaEN: A biotelemetric system for the support of monitoring the psychophysiological state of a human being,"České vysoké učení technické v Praze, Praha 6, Dejvice, Česká republika",4
PUV,2014-29717,27369,Zaniklý dokument,F28F9/00,CS: Integrovaný izolovaný plášť výměníkuEN: Heat exchanger integrated insulated jacket,"České vysoké učení technické v Praze, Praha 6, Dejvice, Česká republika",4
PUV,2014-29718,27370,Zaniklý dokument,F28D1/047,CS: Vinutý výměník z tenkostěnných nerezových vlnovcových trubekEN: Coiled heat-exchange apparatus of thin-walled and stainless bellows pipes,"České vysoké učení technické v Praze, Praha 6, Dejvice, Česká republika",4
PUV,2014-29790,27449,Zaniklý dokument,"G01N23/20, G01N23/207, G01N23/083, G01L1/25, G01N23/20008, G01N23/20016, G01N23/20025",CS: Soustava pro měření zbytkových napětí v polykrystalických materiálech metodou rentgenové difrakceEN: System to measure residual voltages in polycrystalline materials by making use of X-ray diffraction method,"České vysoké učení technické v Praze, Praha 6, Dejvice, Česká republika",4
PV,2015-7,305779,Zaniklý dokument,"G01N23/20, G01N23/207, G21K1/06, G01N23/20008, G01N23/20016, G01N23/20025","CS: Soustava pro měření mřížkového parametru zejména na monokrystalických vzorcích a polykrystalických materiálechEN: System to measure lattice parameter, especially on single crystal samples and polycrystalline materials","České vysoké učení technické v Praze, Praha 6, Dejvice, Česká republika",4
PV,2015-363,306613,Platný dokument,"F16F7/00, E01F15/00","CS: Vnitřní struktura deformačního bloku, zejména stavebního prvku dopravních sjezdůEN: The internal structure of the deformation block, especially of a construction element of slip roads","České vysoké učení technické v Praze, Praha 6, Dejvice, Česká republika",4
PV,2015-591,306663,Platný dokument,"C04B14/04, C04B28/04, C04B24/18, C04B24/30, C04B24/32, C04B14/38, C04B16/06",CS: Suchá prefabrikovaná směs multifunkčního silikátového kompozituEN: A dry prefabricated mixture of a multifunctional silicate composite,"České vysoké učení technické v Praze, Praha 6, Dejvice, Česká republika",4
PUV,2015-30614,27974,Platný dokument,"E01D2/00, E01D19/00, E01D101/30, E01D21/00",CS: Železobetonový rám s optimalizovaným statickým působenímEN: Reinforced concrete frame with optimized static action,"České vysoké učení technické v Praze, Praha 6, Dejvice, Česká republika",4
PUV,2015-31282,28616,Platný dokument,"F16F7/00, E01F15/14","CS: Vnitřní struktura deformačního bloku, deformační blok a deformační soustavaEN: Deformation block internal structure, deformation block and deformation system","České vysoké učení technické v Praze, Praha 6, Dejvice, Česká republika",4
PUV,2015-31471,30170,Platný dokument,"C04B28/04, C04B14/04, C04B18/08, C04B22/10",CS: Suchá prefabrikovaná směs multifunkčního silikátového kompozituEN: Dry prefabricated mixture of multifunctional silicate composite,"České vysoké učení technické v Praze, Praha 6, Dejvice, Česká republika",4
PV,2017-33,307462,Platný dokument,"C04B7/02, C04B14/48, C04B28/04",CS: Způsob homogenizace vysokohodnotného nebo ultra-vysokohodnotného betonuEN: A method of homogenization of high-value or ultra-high-value concrete,"České vysoké učení technické v Praze, Praha 6, Dejvice, Česká republika",4
PV,2017-130,307338,Zaniklý dokument,"E01C11/22, E01F5/00",CS: Příkopová tvarovka z recyklovaného plastuEN: A trench block made of recycled plastic,"České vysoké učení technické v Praze, Praha 6, Dejvice, Česká republika",4
PV,2018-542,308302,Platný dokument,"E04C5/12, E04C5/07, E04G23/02",CS: Přípravek pro předepnutí a kotvení kompozitních pásů a/nebo lamel ve zdivuEN: Tool for pre-stressing and anchoring composite strips and / or slats in masonry,"České vysoké učení technické v Praze, Praha 6, Dejvice, Česká republika",4
PV,2018-601,308304,Platný dokument,"E04C5/07, E04C5/12, E04G23/02",CS: Přípravek pro spřažení základových konstrukcí stavebEN: Jig for coupling foundation structures of buildings,"České vysoké učení technické v Praze, Praha 6, Dejvice, Česká republika",4
PV,2018-608,308319,Platný dokument,"E04G23/02, E04B1/32, E04B1/98",CS: Zařízení pro zabezpečení zděných valených klenebEN: Equipment for securing masonry barrel vaults,"České vysoké učení technické v Praze, Praha 6, Dejvice, Česká republika",4
PUV,2018-34901,32089,Platný dokument,"A47C17/86, A47C17/00, A47C3/00",CS: Područka/opěrka pro sedací a lehací nábytekEN: An armrest/rest for seating and lying furniture,"České vysoké učení technické v Praze, Praha 6, Dejvice, Česká republika",4
PUV,2018-35412,32496,Platný dokument,"F26B17/10, F26B21/02",CS: Rozprašovací sušárnaEN: Spray dryer,"České vysoké učení technické v Praze, Praha 6, Dejvice, Česká republika",4
PUV,2018-35441,32376,Platný dokument,G01N23/223,CS: Rentgenfluorescenční skenovací analyzátorEN: An X-ray fluorescence scanning analyzer,"České vysoké učení technické v Praze, Praha 6, Dejvice, Česká republika",4
PV,2019-179,308333,Platný dokument,"E01F13/02, F41H11/08",CS: Mobilní zábrana pro zpomalení a/nebo zastavení a/nebo zamezení vjezdu vozidlaEN: Mobile barrier for slowing and / or stopping and / or preventing vehicle entry,"České vysoké učení technické v Praze, Praha 6, Dejvice, Česká republika",4
PV,2019-543,308514,Zaniklý dokument,"G01N27/04, G01N27/00, G01R1/067, G01N27/02",CS: Zařízení pro měření elektrických parametrů vodivé textilieEN: Equipment for measuring the electrical parameters of conductive textiles,"České vysoké učení technické v Praze, Praha 6, Dejvice, Česká republika",4
PUV,2019-36045,32875,Platný dokument,"E01F13/02, F41H11/08",CS: Mobilní zábrana pro zpomalení a/nebo zastavení a/nebo zamezení vjezdu vozidlaEN: Mobile barrier for slowing and / or stopping and / or preventing vehicle entry,"České vysoké učení technické v Praze, Praha 6, Dejvice, Česká republika",4
PUV,2022-40143,36317,Platný dokument,"G16H50/30, A61B5/0205",CS: Monitorovací systém pro sledování zdravotního stavu pacientaEN: Monitoring system for monitoring the health of the patient,"České vysoké učení technické v Praze, Praha 6, Dejvice, Česká republika",4
PUV,2018-34901,32089,Platný dokument,"A47C17/86, A47C17/00, A47C3/00",CS: Područka/opěrka pro sedací a lehací nábytekEN: An armrest/rest for seating and lying furniture,"České vysoké učení technické v Praze, Praha 6, Dejvice, Česká republika",4
PUV,2018-35412,32496,Platný dokument,"F26B17/10, F26B21/02",CS: Rozprašovací sušárnaEN: Spray dryer,"České vysoké učení technické v Praze, Praha 6, Dejvice, Česká republika",4
PUV,2018-35441,32376,Platný dokument,G01N23/223,CS: Rentgenfluorescenční skenovací analyzátorEN: An X-ray fluorescence scanning analyzer,"České vysoké učení technické v Praze, Praha 6, Dejvice, Česká republika",4
PV,2019-179,308333,Platný dokument,"E01F13/02, F41H11/08",CS: Mobilní zábrana pro zpomalení a/nebo zastavení a/nebo zamezení vjezdu vozidlaEN: Mobile barrier for slowing and / or stopping and / or preventing vehicle entry,"České vysoké učení technické v Praze, Praha 6, Dejvice, Česká republika",4
PV,2019-543,308514,Zaniklý dokument,"G01N27/04, G01N27/00, G01R1/067, G01N27/02",CS: Zařízení pro měření elektrických parametrů vodivé textilieEN: Equipment for measuring the electrical parameters of conductive textiles,"České vysoké učení technické v Praze, Praha 6, Dejvice, Česká republika",4
PUV,2019-36045,32875,Platný dokument,"E01F13/02, F41H11/08",CS: Mobilní zábrana pro zpomalení a/nebo zastavení a/nebo zamezení vjezdu vozidlaEN: Mobile barrier for slowing and / or stopping and / or preventing vehicle entry,"České vysoké učení technické v Praze, Praha 6, Dejvice, Česká republika",4
PUV,2022-40143,36317,Platný dokument,"G16H50/30, A61B5/0205",CS: Monitorovací systém pro sledování zdravotního stavu pacientaEN: Monitoring system for monitoring the health of the patient,"České vysoké učení technické v Praze, Praha 6, Dejvice, Česká republika",4
PV,2013-993,304972,Zaniklý dokument,"A61B18/04, A61B18/14","CS: Laparoskopický radiofrekvenční operační nástroj, zejména pro jaterní resekceEN: Laparoscopic radio frequency surgical instrument, particularly for liver resections","Ing. Petr Gross s.r.o., Milotice nad Bečvou, Česká republikaOstravská univerzita v Ostravě, Ostrava, Česká republika",9
PV,2015-291,305926,Zaniklý dokument,"C02F3/32, C02F1/30, C02F11/02, E02B1/00",CS: Způsob zlepšení kvality stojatých vod venkovních vodních nádrží a zařízení k provádění tohoto způsobuEN: Method of enhancing quality of standing water of outdoor water storage reservoirs and device for making the same,"Jihočeská univerzita v Českých Budějovicích, České Budějovice, Česká republika",6
PV,2015-293,305945,Zaniklý dokument,"C02F3/32, E02B1/02, C02F1/30, C02F11/02",CS: Zařízení pro zlepšení kvality stojatých vod venkovních vodních nádržíEN: Device for enhancing quality of standing water of outdoor water storage reservoirs,"Jihočeská univerzita v Českých Budějovicích, České Budějovice, Česká republika",6
PV,2015-730,306218,Zaniklý dokument,"A01K61/00, A01K61/17",CS: Způsob eliminace lepivosti jiker rybEN: Method of eliminating adhesive capacity of fish roe,"Jihočeská univerzita v Českých Budějovicích, České Budějovice, Česká republika",6
PUV,2016-32567,29711,Zaniklý dokument,A23L17/00,CS: Sterilovaný výrobek z rybího masaEN: Sterilized article of fish meat,"Jihočeská univerzita v Českých Budějovicích, České Budějovice, Česká republika",6
PV,2014-294,305212,Zaniklý dokument,"C02F1/00, A61B5/0205, A61B5/00, G01N33/18, G06T1/00",CS: Způsob etologického sledování korýšů a/nebo měkkýšů a etologický systém pro sledování chování korýšů a/nebo měkkýšůEN: Method of behavioral monitoring of crawfishes and/or mollusks and behavioral system for monitoring behavior of crawfishes and/or mollusks,"Jihočeská univerzita v Českých Budějovicích, Fakulta rybářství a ochrany vod, Jihočeské výzkumné centrum akvakultury a biodiverzity hydrocenóz, Výzkumný ústav rybářský a hydrobiologický, Vodňany, Česká republika",6
PUV,2013-28937,27013,Zaniklý dokument,"G01B11/06, G01B11/00, G01N21/00",CS: Zařízení pro měření tloušťky polovodičových vrstevnatých struktur SOIEN: Apparatus to measure thickness of SOI semiconductor layered structures,"Masarykova univerzita, Brno, Česká republika",7
PUV,2014-29146,26602,Zaniklý dokument,H01L21/66,CS: Zařízení pro měření rekombinačních procesů v epitaxních vrstvách křemíkuEN: Apparatus for measuring recombinant processes in silicon epitaxial layers,"Masarykova univerzita, Brno, Česká republika",7
PUV,2014-29498,27510,Zaniklý dokument,"G01J3/00, H03M1/00, H03M1/08, H03M1/06, H03F1/26, H03F1/00",CS: Uspořádání dvouparametrického spektrometrického systémuEN: Arrangement of two-parameter spectrometric system,"Masarykova univerzita, Brno, Česká republika",7
PUV,2014-29984,28135,Zaniklý dokument,"H05H1/24, H05H1/26, H05H1/28",CS: Zařízení pro plazmovou úpravu substrátů v povrchovém bariérovém výbojiEN: Device for plasma treatment of substrates in surface barrier discharge,"Masarykova univerzita, Brno, Česká republika",7
PUV,2014-30534,28043,Zaniklý dokument,"G01J3/00, H03M1/00, H03M1/06",CS: Uspořádání vícecestného dvouparametrického spektrometrického systémuEN: Arrangement of multiway two-parameter spectrometric system,"Masarykova univerzita, Brno, Česká republika",7
PV,2015-310,306119,Zaniklý dokument,H05H1/48,"CS: Způsob generování nízkoteplotního plazmatu, způsob plazmové úpravy tekutin, práškových materiálů i pevných látek tímto nízkoteplotním plazmatem a zařízení k provádění těchto způsobůEN: Method of generating low-temperature plasma, plasma treatment process of fluids, powder materials and solid substances by making use of such low-temperature plasma and apparatus for making the same","Masarykova univerzita, Brno, Česká republika",7
PUV,2015-31129,28677,Platný dokument,"D06M10/02, D21H25/04, B29C59/14, H05H1/24","CS: Zařízení pro povrchovou plazmovou úpravu materiálu ze skupiny fólie, papír, textilie, netkaná textilieEN: Device for plasma surface treatment of material being selected from the group comprising film, paper, fabric, non-woven fabric","Masarykova univerzita, Brno, Česká republika",7
PV,2016-732,307072,Platný dokument,"C01B32/182, C01B32/184, C01B32/19, C01B32/194, C01B32/198",CS: Způsob přípravy grafenoidů a grafenoid připravitelný tímto způsobemEN: A method of preparing graphenoids and a graphhenoid obtainable by this method,"Masarykova univerzita, Brno, Česká republika",7
PUV,2019-35950,32958,Zaniklý dokument,"A23L19/00, A23L25/00, A23L33/125, A23L33/21",CS: Potravinářský výrobek z výlisků ovoce a pokrutin ořechůEN: Fruit and nut cake food product,"Mendelova univerzita v Brně, Brno, Černá Pole, Česká republika",7
PUV,2019-35950,32958,Zaniklý dokument,"A23L19/00, A23L25/00, A23L33/125, A23L33/21",CS: Potravinářský výrobek z výlisků ovoce a pokrutin ořechůEN: Fruit and nut cake food product,"Mendelova univerzita v Brně, Brno, Černá Pole, Česká republika",7
PV,2014-922,306076,Zaniklý dokument,"F16L27/093, E05D7/00, E05D3/02",CS: Plnoprůtočný pant pro průtočné spojení dvou součástíEN: Full-flow hinge for through-flow connection of two components,"Mendelova univerzita v Brně, Brno, Česká republika",7
PV,2015-302,306037,Zaniklý dokument,"C01G3/00, C22B3/06",CS: Způsob výroby dihydrátu siřičitanu měďnato-měďnéhoEN: Process for preparing cupric-cuprous sulfite dihydrate,"Mendelova univerzita v Brně, Brno, Česká republika",7
PUV,2014-29312,27508,Zaniklý dokument,"C12G1/00, C12G3/00, A23L2/00, C12G3/055, C12G3/07, A23L2/02","CS: Mošt, víno nebo nápoj na bázi vína se zvýšeným obsahem přírodních lignanůEN: Must, wine or beverage based on wine with increased content of natural ligands","Mendelova univerzita v Brně, Zahradnická fakulta, Ústav posklizňové technologie zahradnických produktů, Lednice, Česká republikaVýzkumný ústav potravinářský Praha, v.v.i., Praha 10- Hostivař, Česká republikaCentrum výzkumu globální změny AV ČR, v.v.i., Brno, Česká republika",7
PUV,2015-31252,28995,Zaniklý dokument,A23B7/148,CS: Prostředí skladovacího prostoru pro skladování plodů asijských hrušníEN: Storage space environment for storing fruits of Asian pear trees,"Mendelova univerzita v Brně, Zahradnická fakulta,Ústav posklizňové technologie zahradnických produktů, Lednice, Česká republika",7
PV,2022-45,309746,Platný dokument,"G01L1/24, G01L1/00, B61L1/06, B61L1/00","CS: Kompozitní optovláknový senzor pro detekci tlakové síly vznikající průjezdem kola kolejového vozidla, jeho uspořádání a způsob detekce této tlakové síly pomocí tohoto uspořádáníEN: A composite fibre optic sensor for detecting the pressure force generated by the passage of a wheel of a rail vehicle, its arrangement and the method of detecting this pressure force using this arrangement","PRODIN a.s., Pardubice, Zelené Předměstí, Česká republikaVysoká škola báňská - Technická univerzita Ostrava, Ostrava, Poruba, Česká republika",19
PUV,2022-39629,36242,Platný dokument,"B61L1/06, G01L1/24",CS: Kompozitní optovláknový senzor pro detekci tlakové síly vznikající průjezdem kola kolejového vozidla a jeho uspořádáníEN: Composite fibre optic sensor for detecting the pressure force generated by the passage of a rolling stock wheel and its arrangement,"PRODIN a.s., Pardubice, Zelené Předměstí, Česká republikaVysoká škola báňská - Technická univerzita Ostrava, Ostrava, Poruba, Česká republika",19
PV,2022-45,309746,Platný dokument,"G01L1/24, G01L1/00, B61L1/06, B61L1/00","CS: Kompozitní optovláknový senzor pro detekci tlakové síly vznikající průjezdem kola kolejového vozidla, jeho uspořádání a způsob detekce této tlakové síly pomocí tohoto uspořádáníEN: A composite fibre optic sensor for detecting the pressure force generated by the passage of a wheel of a rail vehicle, its arrangement and the method of detecting this pressure force using this arrangement","PRODIN a.s., Pardubice, Zelené Předměstí, Česká republikaVysoká škola báňská - Technická univerzita Ostrava, Ostrava, Poruba, Česká republika",19
PUV,2022-39629,36242,Platný dokument,"B61L1/06, G01L1/24",CS: Kompozitní optovláknový senzor pro detekci tlakové síly vznikající průjezdem kola kolejového vozidla a jeho uspořádáníEN: Composite fibre optic sensor for detecting the pressure force generated by the passage of a rolling stock wheel and its arrangement,"PRODIN a.s., Pardubice, Zelené Předměstí, Česká republikaVysoká škola báňská - Technická univerzita Ostrava, Ostrava, Poruba, Česká republika",19
PUV,2013-28708,27458,Zaniklý dokument,"B01D39/14, B82Y30/00, A62B23/00",CS: Rovinný filtr s tvarově nestabilním filtračním materiálem obsahujícím vrstvu nanovlákenEN: Flat filter with shape-unstable filtering material containing a layer of nanofibers,"Technická univerzita v Liberci - Katedra strojírenské technologie
Oddělení tváření kovů a zpracování plastů, Liberec 1, Česká republika",11
PV,2014-692,306952,Zaniklý dokument,B23K37/04,CS: Pracoviště s univerzálním polohovacím svařovacím přípravkemEN: A workplace with a universal positioning welding tool,"Technická univerzita v Liberci, Liberec 1, Česká republika",11
PV,2014-484,305698,Zaniklý dokument,"C02F3/30, C02F3/10, C02F3/08",CS: Nosič biomasy pro bioreaktorEN: Biomass carrier for bioreactor,"Technická univerzita v Liberci, Liberec, Česká republika",11
PV,2013-34,304656,Platný dokument,"B32B3/06, B32B5/08, G10K11/172, E04B1/84, D04H1/70, B82B1/00",CS: Zvukově pohltivý prostředek obsahující alespoň jednu akustickou rezonanční membránu tvořenou vrstvou polymerních nanovlákenEN: Sound absorbing means containing at least one acoustic sounding board formed by a layer of polymer nanofibers,"Technická univerzita v Liberci, Liberec, Liberec I-Staré Město, Česká republika",11
PV,2013-826,305677,Zrušený patent,"A62B18/02, A62B23/02, A62B7/00, A62B7/10",CS: Ochranná dýchací maska se společným nádechovým a výdechovým otvoremEN: Protective breathing mask with common aspiration and expiratory opening,"Technická univerzita v Liberci, Liberec, Liberec I-Staré Město, Česká republika",11
PUV,2013-28691,27784,Zaniklý dokument,"A62B7/10, A62B9/02, A62B18/02, A62B18/10",CS: Ochranná dýchací maska se společným nádechovým a výdechovým otvoremEN: Protective breathing mask with common aspiration and expiratory opening,"Technická univerzita v Liberci, Liberec, Liberec I-Staré Město, Česká republika",11
PUV,2013-28991,27506,Zaniklý dokument,B65H45/00,CS: Prostředek pro fixaci rozteče skladů materiáluEN: Means to fix span of material storerooms,"Technická univerzita v Liberci, Liberec, Liberec I-Staré Město, Česká republika",11
PV,2015-37,305741,Platný dokument,"C04B18/14, C04B18/16, C04B28/26, C04B38/02, C04B111/28",CS: Žáruvzdorný geopolymerní kompozit s nízkou měrnou hmotností pro konstrukční prvky protipožárních zábranEN: Refractory geopolymeric composite with low bulk specific gravity for structural elements of fire cutoffs,"Technická univerzita v Liberci, Liberec, Liberec I-Staré Město, Česká republika",11
PV,2015-785,306837,Platný dokument,"A62D3/00, A62D3/34, A62D3/11, A62D3/115, B82B3/00, B82Y30/00",CS: Způsob in-situ sanace horninového prostředí kontaminovaného škodlivými chemickými sloučeninamiEN: A method of in-situ remediation of a rock environment contaminated by harmful chemical compounds,"Technická univerzita v Liberci, Liberec, Liberec I-Staré Město, Česká republika",11
PV,2017-768,307917,Platný dokument,"B01J39/20, B01J41/14, C08J5/22, C08J5/04, C08L25/08, C08L25/18, C08L33/10, B01D61/42, B01D61/06",CS: Iontovýměnná membránaEN: Ion exchange membrane,"Technická univerzita v Liberci, Liberec, Liberec I-Staré Město, Česká republika",11
PUV,2014-29687,27368,Zaniklý dokument,"B32B3/10, B32B3/12, B32B5/02, B32B7/04, B32B27/36, B32B27/40, B82B3/00, B32B7/05",CS: Textilní kompozitEN: Textile composite,"Technická univerzita v Liberci, Liberec, Liberec I-Staré Město, Česká republikaSVITAP s.r.o., Svitavy, Předměstí, Česká republika",11
PV,2014-904,305737,Platný dokument,H01G5/40,CS: KondenzátorEN: Capacitor,"Univerzita Hradec Králové, Hradec Králové, Česká republika",12
PV,2015-308,306038,Platný dokument,"H01F5/00, H01F21/00",CS: CívkaEN: Coil,"Univerzita Hradec Králové, Hradec Králové, Česká republika",12
PV,2016-32,306402,Zaniklý dokument,"G01R15/18, G01R19/00, G01R19/04, H01F38/28, H01F38/30",CS: Proudový bočník indukčního typuEN: Induction type current shunt,"Univerzita Hradec Králové, Hradec Králové, Česká republika",12
PUV,2013-28704,28017,Zaniklý dokument,A61N5/06,CS: Systém pro vícebodové sledování fyzické aktivityEN: System for multipoint monitoring of physical activity,"Univerzita Karlova v Praze, Praha 1, Česká republika",14
PV,2013-885,305371,Platný dokument,"A23J1/20, A23J3/08, A23C21/00, B01D15/08, C07K14/79",CS: Způsob separace syrovátkových proteinů z mléčného média a zařízení k provádění tohoto způsobuEN: Separation process of whey proteins from milk medium and apparatus for making the same,"Univerzita Palackého v Olomouci, Olomouc, Česká republika",15
PUV,2015-30902,28350,Zaniklý dokument,G06F3/0346,CS: Systém a sada pro přenos signálu z nerovného povrchu trojrozměrné struktury na detektor registrující elektrické impulsyEN: System and set for signal transmission from uneven surface of three-dimensional structure to a detector,"Univerzita Palackého v Olomouci, Olomouc, Česká republika",15
PUV,2015-30676,27982,Platný dokument,C05G1/00,"CS: Vícesložkové kapalné hnojivo, vhodné zejména pro výživu kukuřiceEN: Multicomponent liquid fertilizer, suitable particularly for maize feeding","Univerzita Palackého v Olomouci, Olomouc, Česká republikaFosfa a.s., Břeclav, Poštorná, Česká republika",15
PUV,2013-27805,25558,Zaniklý dokument,"G01N27/02, G01N27/07, G01N31/22",CS: Čidlo pro měření relativní vlhkosti v širokém rozsahu teplot a relativní vlhkostiEN: Sensor for measuring relative humidity within a broad range of temperatures and relative humidity,"Univerzita Pardubice, Pardubice",16
PUV,2013-27805,25558,Zaniklý dokument,"G01N27/02, G01N27/07, G01N31/22",CS: Čidlo pro měření relativní vlhkosti v širokém rozsahu teplot a relativní vlhkostiEN: Sensor for measuring relative humidity within a broad range of temperatures and relative humidity,"Česká republikaZápadočeská univerzita v Plzni, Plzeň, Jižní Předměstí, Česká republikaCentrum organické chemie s.r.o., Rybitví, Česká republika",26
PV,2014-367,305586,Platný dokument,"C07B63/02, C07C51/377, C07C51/42, C07C209/74, C07C209/86, C07C63/06, C07C211/46, C07C211/51",CS: Způsob redukční dehalogenace aromatických halogenderivátůEN: Process of reducing dehalogenation of aromatic halo derivatives,"Univerzita Pardubice, Pardubice, Polabiny, Česká republika",16
PV,2014-814,305617,Platný dokument,"A01K15/02, C06B23/00","CS: Výcvikový materiál, zejména vhodný pro výcvik psů pro detekci výbušnin, a způsob jeho přípravyEN: Training material suitable especially for training of dogs for detection of explosives and process for preparing thereof","Univerzita Pardubice, Pardubice, Polabiny, Česká republika",16
PV,2016-133,306988,Platný dokument,C07C67/03,CS: Způsob přípravy hydrokarbylesterů laktyl laktátů z laktidůEN: The method of preparing lactyl lactate hydrocarbyl esters from lactides,"Univerzita Pardubice, Pardubice, Polabiny, Česká republika",16
PUV,2016-32926,30116,Zaniklý dokument,"C07C229/24, C23F11/14",CS: Antikorozní sekvestrant a přípravek pro kapaliny do potrubních systémůEN: Corrosion resistant sequestrant and formulation for liquids in piping systems,"Univerzita Pardubice, Pardubice, Polabiny, Česká republika",16
PUV,2016-32934,30117,Zaniklý dokument,"C07C229/24, C11D1/10",CS: Deriváty kyseliny asparagové jako povrchově aktivní látkyEN: Aspartic acid derivatives functioning as surfactants,"Univerzita Pardubice, Pardubice, Polabiny, Česká republika",16
PUV,2016-32970,30180,Zaniklý dokument,"C07C233/05, C07K5/06, C07D295/037, D06L1/12, C09K5/00, C10M133/16, C10M133/04","CS: Deriváty kyseliny asparagové jako detergenty, aditiva do kapalin pro obrábění kovů a aditiva do kapalných chladicích směsíEN: Aspartic acid derivatives as detergents, additives in liquid for metal cutting and additives in liquid cooling mixtures","Univerzita Pardubice, Pardubice, Polabiny, Česká republika",16
PUV,2013-28621,26729,Zaniklý dokument,"C09D11/02, C09K11/02, C08G16/02",CS: Polymerní inkoust pro materiálový tiskEN: Polymeric ink for material printing,"Univerzita Tomáše Bati ve Zlíně, Zlín, Česká republika",17
PUV,2013-28742,26261,Zaniklý dokument,H05H1/24,CS: Zařízení pro povrchovou úpravu plazmatem generovaným za normálního tlakuEN: Device for surface treatment by plasma generated under normal pressure,"Univerzita Tomáše Bati ve Zlíně, Zlín, Česká republika",17
PUV,2013-28995,26393,Zaniklý dokument,"C08L81/04, C08L81/06, C08L77/00, C08L23/20, C08L31/06, C08J5/16, C09K3/00",CS: Polymerní směs pro nízkoadhezní aplikaceEN: Polymer mixture for low-adhesive applications,"Univerzita Tomáše Bati ve Zlíně, Zlín, Česká republika",17
PV,2017-711,307664,Platný dokument,"G01N11/02, G01N11/08, G01N33/44, B29C47/92, B29C47/12",CS: Vytlačovací hlava pro transformaci normálových napětí polymerní taveninyEN: Extrusion head for transforming normal stresses of polymer melt,"Univerzita Tomáše Bati ve Zlíně, Zlín, Česká republika",17
PV,2020-389,309071,Platný dokument,"B29C48/30, B29C64/209","CS: Vytlačovací hlava s inertní výstupní štěrbinou, zejména pro vysoké výstupní rychlosti polymerních taveninEN: Extrusion head with inert outlet slit, especially for high outlet velocities of polymer melts","Univerzita Tomáše Bati ve Zlíně, Zlín, Česká republika",17
PUV,2021-39199,35506,Platný dokument,"C04B26/04, C04B14/06","CS: Stavební střešní, krytinový a dlažební materiál pro vodorovné, šikmé i svislé konstrukceEN: Building roofing, roofing and paving material for horizontal, inclined and vertical structures","Univerzita Tomáše Bati ve Zlíně, Zlín, Česká republika",17
PUV,2021-39344,35618,Platný dokument,"C08L67/00, C08K3/013, C08K7/00, C08K3/01, C08K3/04, C08K3/26","CS: Porézní kompozice na bázi plně biodegradabilního polymeru, zejména pro zemědělské aplikaceEN: Porous compositions based on a fully biodegradable polymer, especially for agricultural applications","Univerzita Tomáše Bati ve Zlíně, Zlín, Česká republika",17
PUV,2021-39360,35694,Platný dokument,"C08K5/49, C08K5/3492, C08L23/06, C08L23/16, G02B6/44",CS: Polymerní směs na výrobu samozhášivé mikrochráničky svazku optických kabelůEN: Polymer mixture for producing self-extinguishing microproters of optical cable bundles,"Univerzita Tomáše Bati ve Zlíně, Zlín, Česká republika",17
PUV,2022-39984,36223,Platný dokument,"C08L67/06, C08K9/00, C08K7/00, A01G9/029, C08L1/00",CS: Biologicky rozložitelná polymerní kompozice kompozitního charakteruEN: Composite biodegradable polymer composition,"Univerzita Tomáše Bati ve Zlíně, Zlín, Česká republika",17
PUV,2022-40105,36491,Platný dokument,"C05F1/00, C05G1/00",CS: Kapalné listové hnojivo s biostimulačním účinkem na bázi bílkovinného hydrolyzátu směsných kolagenních odpadůEN: Liquid foliar fertilizer with a biostimulating effect based on the protein hydrolyzate of mixed collagen wastes,"Univerzita Tomáše Bati ve Zlíně, Zlín, Česká republika",17
PUV,2022-40106,36492,Platný dokument,"C05F1/00, C05G1/00",CS: Kapalné listové hnojivo s biostimulačním účinkem na bázi nízkomolárního bílkovinného hydrolyzátu směsných kolagenních odpadůEN: Liquid foliar fertilizer with a biostimulating effect based on a low-molar protein hydrolyzate of mixed collagen wastes,"Univerzita Tomáše Bati ve Zlíně, Zlín, Česká republika",17
PUV,2022-40449,36767,Platný dokument,G01N33/44,"CS: Analyzátor urychleného stárnutí materiálu, zejména mechanicky a tepelně namáhané vulkanizované pryžeEN: Analyzer of accelerated material aging, especially mechanically and thermally stressed vulcanized rubber","Univerzita Tomáše Bati ve Zlíně, Zlín, Česká republika",17
PUV,2023-40915,37068,Platný dokument,"H04L67/12, H04W4/70",CS: Koncové zařízení pro úzkopásmové 5G sítě s univerzálním rozhranímEN: A terminal device for narrowband 5G networks with a universal interface,"Univerzita Tomáše Bati ve Zlíně, Zlín, Česká republika",17
PV,2020-389,309071,Platný dokument,"B29C48/30, B29C64/209","CS: Vytlačovací hlava s inertní výstupní štěrbinou, zejména pro vysoké výstupní rychlosti polymerních taveninEN: Extrusion head with inert outlet slit, especially for high outlet velocities of polymer melts","Univerzita Tomáše Bati ve Zlíně, Zlín, Česká republika",17
PUV,2021-39199,35506,Platný dokument,"C04B26/04, C04B14/06","CS: Stavební střešní, krytinový a dlažební materiál pro vodorovné, šikmé i svislé konstrukceEN: Building roofing, roofing and paving material for horizontal, inclined and vertical structures","Univerzita Tomáše Bati ve Zlíně, Zlín, Česká republika",17
PUV,2021-39344,35618,Platný dokument,"C08L67/00, C08K3/013, C08K7/00, C08K3/01, C08K3/04, C08K3/26","CS: Porézní kompozice na bázi plně biodegradabilního polymeru, zejména pro zemědělské aplikaceEN: Porous compositions based on a fully biodegradable polymer, especially for agricultural applications","Univerzita Tomáše Bati ve Zlíně, Zlín, Česká republika",17
PUV,2021-39360,35694,Platný dokument,"C08K5/49, C08K5/3492, C08L23/06, C08L23/16, G02B6/44",CS: Polymerní směs na výrobu samozhášivé mikrochráničky svazku optických kabelůEN: Polymer mixture for producing self-extinguishing microproters of optical cable bundles,"Univerzita Tomáše Bati ve Zlíně, Zlín, Česká republika",17
PUV,2022-39984,36223,Platný dokument,"C08L67/06, C08K9/00, C08K7/00, A01G9/029, C08L1/00",CS: Biologicky rozložitelná polymerní kompozice kompozitního charakteruEN: Composite biodegradable polymer composition,"Univerzita Tomáše Bati ve Zlíně, Zlín, Česká republika",17
PUV,2022-40105,36491,Platný dokument,"C05F1/00, C05G1/00",CS: Kapalné listové hnojivo s biostimulačním účinkem na bázi bílkovinného hydrolyzátu směsných kolagenních odpadůEN: Liquid foliar fertilizer with a biostimulating effect based on the protein hydrolyzate of mixed collagen wastes,"Univerzita Tomáše Bati ve Zlíně, Zlín, Česká republika",17
PUV,2022-40106,36492,Platný dokument,"C05F1/00, C05G1/00",CS: Kapalné listové hnojivo s biostimulačním účinkem na bázi nízkomolárního bílkovinného hydrolyzátu směsných kolagenních odpadůEN: Liquid foliar fertilizer with a biostimulating effect based on a low-molar protein hydrolyzate of mixed collagen wastes,"Univerzita Tomáše Bati ve Zlíně, Zlín, Česká republika",17
PUV,2022-40449,36767,Platný dokument,G01N33/44,"CS: Analyzátor urychleného stárnutí materiálu, zejména mechanicky a tepelně namáhané vulkanizované pryžeEN: Analyzer of accelerated material aging, especially mechanically and thermally stressed vulcanized rubber","Univerzita Tomáše Bati ve Zlíně, Zlín, Česká republika",17
PUV,2023-40915,37068,Platný dokument,"H04L67/12, H04W4/70",CS: Koncové zařízení pro úzkopásmové 5G sítě s univerzálním rozhranímEN: A terminal device for narrowband 5G networks with a universal interface,"Univerzita Tomáše Bati ve Zlíně, Zlín, Česká republika",17
PV,2016-393,307276,Platný dokument,"C08K3/10, C08K3/24, C08K3/30",CS: Koncentrát pro antimikrobní stabilizaci plastových povrchů vytvořený na bázi anorganické biologicky aktivní látkyEN: A concentrate for antimicrobial stabilization of plastic surfaces designed on the basis of an organic biologically active substance,"Univerzita Tomáše Bati ve Zlíně, Zlín, Česká republikaFatra, a.s., Napajedla, Česká republika",17
PV,2014-56,305138,Platný dokument,"C08F8/24, C08F8/18, C08F8/32, C08F8/40, C08F8/44, B01J31/06, B01J41/12",CS: Způsob přípravy rozpustného blokového kopolymeru styrenu a olefinů a jeho použitíEN: Process for preparing soluble block copolymer of styrene and olefins as well as use thereof,"Ústav makromolekulární chemie AV ČR, v. v. i., Praha 6, Břevnov, Česká republikaVysoká škola chemicko- technologická v Praze, Praha 6 - Dejvice, Česká republika",21
PV,2014-838,307405,Zaniklý dokument,"B08B9/08, B65D88/66, G01L17/00, G01D11/30, G01N11/10, E21B6/00, G01K13/02",CS: Zařízení zahrnující autonomní systém zajišťující analýzu a tok sypké hmotyEN: A device comprising an autonomous system providing analysis and flow of a bulk material,"Vysoká škola báňská - Technická univerzita Ostrava, Ostrava - Poruba, Česká republika",19
PV,2014-981,306118,Platný dokument,"G01B11/10, G01B11/04, G01B11/03, G01B3/32, G01B21/04",CS: Způsob měření a vyhodnocení prostorového pohybu konstrukčních celků s využitím snímačů vzdálenosti a zařízení k jeho prováděníEN: Method of measuring and evaluation of spatial movement of structural units by making use of distance sensors and apparatus for making the same,"Vysoká škola báňská - Technická univerzita Ostrava, Ostrava - Poruba, Česká republika",19
PUV,2016-32853,29970,Platný dokument,"B61L29/00, G08G1/09, G08G1/00",CS: Zařízení pro detekci překážky na kolejovém přejezduEN: Device to detect presence of an obstacle on crossing,"Vysoká škola báňská - Technická univerzita Ostrava, Ostrava - Poruba, Česká republika",19
PV,2017-549,308030,Platný dokument,G01B11/06,CS: Způsob bezkontaktního měření tlouštěk stěn rotačních skořepin křivkového profilu s plovoucí tloušťkou a zařízení k provádění tohoto způsobuEN: Contactless measurement method of the wall thicknesses of curvilinear rotary shells with a floating thickness and apparatus for carrying out this method,"Vysoká škola báňská - Technická univerzita Ostrava, Ostrava - Poruba, Česká republika",19
PUV,2017-34110,31236,Platný dokument,G01B11/06,CS: Zařízení k provádění měření tlouštěk stěn rotačních skořepin křivkového profilu s plovoucí tloušťkouEN: A device for measuring wall thicknesses of rotating shells of a curved profile with a floating thickness,"Vysoká škola báňská - Technická univerzita Ostrava, Ostrava - Poruba, Česká republika",19
PV,2014-830,305704,Zaniklý dokument,"B02C19/18, B02C19/06, B02C23/36, B02C23/38",CS: Způsob dezintegrace pevných mikročástic do rozměrů nanočástic kavitujícím kapalinovým paprskem a zařízení k provádění tohoto způsobuEN: Disintegration method of solid microparticles to the dimensions of nanoparticles using cavitating liquid jet and apparatus for making the same,"Vysoká škola báňská - Technická univerzita Ostrava, Ostrava- Poruba, Česká republika",19
PV,2017-857,307935,Platný dokument,"H02J3/24, H02J3/28, H02J3/32, H02J3/38, H02J3/46, H02J3/00",CS: Způsob a zařízení pro balancování parametrů kvality elektrické energie v elektrické sítiEN: Method and device for balancing electrical power quality parameters in an electrical network,"Vysoká škola báňská – Technická univerzita Ostrava, Ostrava, Poruba, Česká republika",19
PV,2020-291,309006,Platný dokument,C02F1/42,CS: Vodní ionizační reaktorEN: Water ionization reactor,"Vysoká škola báňská – Technická univerzita Ostrava, Ostrava, Poruba, Česká republika",19
PV,2020-372,309092,Platný dokument,B64C39/02,CS: Komunikační jednotka létající základny dronůEN: Drone flying base communication unit,"Vysoká škola báňská – Technická univerzita Ostrava, Ostrava, Poruba, Česká republika",19
PV,2020-373,309195,Platný dokument,"B64C39/02, B64D47/00, B64D47/08",CS: Dron pro shromažďování a předávání informacíEN: Drone for collecting and transmitting information,"Vysoká škola báňská – Technická univerzita Ostrava, Ostrava, Poruba, Česká republika",19
PV,2020-374,309093,Platný dokument,B64C39/02,CS: Létající dronová základnaEN: Flying drone base,"Vysoká škola báňská – Technická univerzita Ostrava, Ostrava, Poruba, Česká republika",19
PUV,2021-39105,36583,Platný dokument,"B60L55/00, B60L53/60, B60L53/66",CS: Zařízení pro monitorování technického stavu akumulátorů množiny elektromobilůEN: Device for monitoring the technical condition of the batteries of electric cars,"Vysoká škola báňská – Technická univerzita Ostrava, Ostrava, Poruba, Česká republika",19
PV,2020-291,309006,Platný dokument,C02F1/42,CS: Vodní ionizační reaktorEN: Water ionization reactor,"Vysoká škola báňská – Technická univerzita Ostrava, Ostrava, Poruba, Česká republika",19
PV,2020-372,309092,Platný dokument,B64C39/02,CS: Komunikační jednotka létající základny dronůEN: Drone flying base communication unit,"Vysoká škola báňská – Technická univerzita Ostrava, Ostrava, Poruba, Česká republika",19
PV,2020-373,309195,Platný dokument,"B64C39/02, B64D47/00, B64D47/08",CS: Dron pro shromažďování a předávání informacíEN: Drone for collecting and transmitting information,"Vysoká škola báňská – Technická univerzita Ostrava, Ostrava, Poruba, Česká republika",19
PV,2020-374,309093,Platný dokument,B64C39/02,CS: Létající dronová základnaEN: Flying drone base,"Vysoká škola báňská – Technická univerzita Ostrava, Ostrava, Poruba, Česká republika",19
PUV,2021-39105,36583,Platný dokument,"B60L55/00, B60L53/60, B60L53/66",CS: Zařízení pro monitorování technického stavu akumulátorů množiny elektromobilůEN: Device for monitoring the technical condition of the batteries of electric cars,"Vysoká škola báňská – Technická univerzita Ostrava, Ostrava, Poruba, Česká republika",19
PV,2013-882,305546,Zaniklý dokument,"G01K1/08, G01K1/20, G01K13/00, G01J5/00, G01K13/25, G01J5/48",CS: Tepelný štít pro eliminaci okolních vlivů prostředí při termografickém měření a způsob jejich prováděníEN: Thermal shield for elimination of environmental effects when conducting thermographic measurements and method of making the same,"Vysoká škola báňská - Technická univerzita Ostrava, Ostrava-Poruba, Česká republika",19
PUV,2014-29229,26876,Zaniklý dokument,"B65G15/08, B65G15/60",CS: Válečková stolice pro dopravní pásy strmého pásového dopravníkuEN: Idler assembly for conveyor belts of steep-incline belt conveyor,"Vysoká škola báňská- Technická univerzita Ostrava, Ostrava - Poruba, Česká republika",19
PUV,2014-30532,28316,Zaniklý dokument,"G01B7/004, G01B3/32, G01B11/03",CS: Zařízení pro měření a vyhodnocení prostorového pohybu konstrukčních celků s využitím snímačů vzdálenostiEN: Apparatus for measuring and evaluating spatial motion of structural units by making use of distance sensors,"Vysoká škola báňská- Technická univerzita Ostrava, Ostrava - Poruba, Česká republika",19
PV,2014-679,305481,Zaniklý dokument,"G01D11/30, G01K13/02, G01L7/00, G01N11/10",CS: Zařízení pro snímání mechanicko- fyzikálních a optických veličin sypkých hmotEN: Device to sense mechanical-physical and optical values of bulk materials,"Vysoká škola báňská- Technická univerzita Ostrava, Ostrava- Poruba, Česká republika",19
PV,2013-944,305194,Zaniklý dokument,"B65G27/16, G01F1/00, G01F1/20, G01F1/002",CS: Způsob modelování mechanických procesů sypkých hmot a zařízení k provádění tohoto způsobuEN: Method of modeling mechanical processes of bulk materials and device for making the same,"Vysoká škola báňská-Technická univerzita Ostrava, Ostrava - Poruba, Česká republika",19
PV,2017-262,307647,Platný dokument,"B01F3/02, B01F15/04, B01F23/10",CS: Způsob stabilizace metanového čísla procesních plynů a zařízení k provádění tohoto způsobu pro jednopalivové motoryEN: Method of stabilizing the methane number of process gases and the equipment for this method for single fuel engines,"Vysoká škola báňská-Technická univerzita Ostrava, Ostrava Poruba, Česká republika",19
PV,2013-1015,305136,Zaniklý dokument,"B65G23/44, B65G47/34, B07C5/00",CS: Validační řetězový dopravník s unášeči a způsob modelování mechanických procesů s jeho pomocíEN: Validation chain conveyor with drivers and method of modeling mechanical processes by making use thereof,"Vysoká škola báňská-Technická univerzita Ostrava, Ostrava- Poruba, Česká republika",19
PV,2019-63,308289,Platný dokument,"B29C31/10, B29C43/20, B29C43/30, B29C33/00, F16L9/133, F16L9/18",CS: Způsob plnění lisovací formy při výrobě víceplášťových trubek a zařízení k provádění tohoto způsobuEN: Method of filling a mould when manufacturing multi-shell tubes and the apparatus for this,"Vysoká škola báňská-Technická univerzita Ostrava, Ostrava, Poruba, Česká republika",19
PV,2019-240,308074,Platný dokument,"G09B23/28, A63H3/00",CS: Fantom pro kontinuální generování fetálního a mateřského elektrokardiogramuEN: Phantom for continuous generation of foetal and maternal electrocardiogram,"Vysoká škola báňská-Technická univerzita Ostrava, Ostrava, Poruba, Česká republika",19
PUV,2019-36473,33280,Platný dokument,"G01R31/36, G01R31/382, G01R31/385, G01R31/396",CS: Diagnostické zařízení pro elektrochemické akumulátory a baterieEN: Diagnostic equipment for electrochemical accumulators and batteries,"Vysoká škola báňská-Technická univerzita Ostrava, Ostrava, Poruba, Česká republika",19
PV,2020-669,309233,Platný dokument,"B61K9/12, B61L1/06",CS: Systém pro rozpoznání a klasifikace plochých kol v kolejové dopravěEN: System for recognising and classifting flat wheels in rail transport,"Vysoká škola báňská-Technická univerzita Ostrava, Ostrava, Poruba, Česká republika",19
PUV,2020-37336,34076,Platný dokument,"B29C31/10, B29C43/36, B29C43/20, B29C43/30",CS: Zařízení pro plnění lisovací formy při výrobě vícepláštových trubekEN: Equipment for filling the mould when producing multilayer pipes,"Vysoká škola báňská-Technická univerzita Ostrava, Ostrava, Poruba, Česká republika",19
PV,2019-63,308289,Platný dokument,"B29C31/10, B29C43/20, B29C43/30, B29C33/00, F16L9/133, F16L9/18",CS: Způsob plnění lisovací formy při výrobě víceplášťových trubek a zařízení k provádění tohoto způsobuEN: Method of filling a mould when manufacturing multi-shell tubes and the apparatus for this,"Vysoká škola báňská-Technická univerzita Ostrava, Ostrava, Poruba, Česká republika",19
PV,2019-240,308074,Platný dokument,"G09B23/28, A63H3/00",CS: Fantom pro kontinuální generování fetálního a mateřského elektrokardiogramuEN: Phantom for continuous generation of foetal and maternal electrocardiogram,"Vysoká škola báňská-Technická univerzita Ostrava, Ostrava, Poruba, Česká republika",19
PUV,2019-36473,33280,Platný dokument,"G01R31/36, G01R31/382, G01R31/385, G01R31/396",CS: Diagnostické zařízení pro elektrochemické akumulátory a baterieEN: Diagnostic equipment for electrochemical accumulators and batteries,"Vysoká škola báňská-Technická univerzita Ostrava, Ostrava, Poruba, Česká republika",19
PV,2020-669,309233,Platný dokument,"B61K9/12, B61L1/06",CS: Systém pro rozpoznání a klasifikace plochých kol v kolejové dopravěEN: System for recognising and classifting flat wheels in rail transport,"Vysoká škola báňská-Technická univerzita Ostrava, Ostrava, Poruba, Česká republika",19
PUV,2020-37336,34076,Platný dokument,"B29C31/10, B29C43/36, B29C43/20, B29C43/30",CS: Zařízení pro plnění lisovací formy při výrobě vícepláštových trubekEN: Equipment for filling the mould when producing multilayer pipes,"Vysoká škola báňská-Technická univerzita Ostrava, Ostrava, Poruba, Česká republika",19
PV,2013-121,304285,Zaniklý dokument,"B65G33/14, B65G43/00","CS: Fluidizační šnekovnice, fluidizační šnekový dopravník a způsob dopravy obtížně tekoucího materiáluEN: Fluidization worm, fluidization worm conveyor and method of transporting difficult to flow material","Vysoká škola báňská-Technická univerzita Ostrava, Ostrava-Poruba, Česká republika",19
PV,2013-204,304449,Zaniklý dokument,"B65G3/00, C05F3/00",CS: Turniketový podavač pro fluidizaci sypké hmoty a způsob fluidizace sypké hmotyEN: Rotary vane feeder for bulk material fluidization and fluidization process of bulk material,"Vysoká škola báňská-Technická univerzita Ostrava, Ostrava-Poruba, Česká republika",19
PV,2013-312,304329,Zaniklý dokument,"B65G43/08, B65G47/22, G01F1/704, G01F1/74",CS: Validační korečkový elevátor pro modelování mechanických procesů a způsob modelování mechanických procesůEN: Validation bucket elevator for modeling mechanical processes and method of modeling mechanical processes,"Vysoká škola báňská-Technická univerzita Ostrava, Ostrava-Poruba, Česká republika",19
PV,2013-765,304502,Zaniklý dokument,"B65G15/08, B65G15/60",CS: Válečková stolice pro dopravní pásy strmého pásového dopravníkuEN: Idler assembly for conveyor belts of steep-incline belt conveyor,"Vysoká škola báňská-Technická univerzita Ostrava, Ostrava-Poruba, Česká republika",19
PV,2013-1027,305235,Zaniklý dokument,"A61B5/11, A61H1/02",CS: Zařízení k měření kloubního rozsahu ramenního kloubu a způsob měřeníEN: Device to measure shoulder joint range and measuring method,"Vysoká škola báňská-Technická univerzita Ostrava, Ostrava-Poruba, Česká republika",19
PUV,2013-28602,26323,Zaniklý dokument,"A23L1/20, A23C19/09, A23L1/22, A23L11/00, A23L27/00",CS: Pomazánka z okaryEN: Okara spread,"Vysoká škola chemicko-technologická v Praze, 
Fakulta potravinářské a biochemické technologie, Praha, Česká republikaVýzkumný ústav potravinářský Praha, v.v.i., Praha 10, Česká republika",21
PV,2013-202,304707,Zaniklý dokument,"E04B1/58, E04B1/38, E04B1/26",CS: Lineární trámový spojEN: Linear girder connection,"Vysoká škola technická a ekonomická v Českých Budějovicích, České Budějovice, Česká republika",6
PV,2013-922,305414,Zaniklý dokument,"B32B3/08, B32B3/10, B32B3/30, B32B37/10",CS: Způsob výroby velkoplošných žebrovaných kompozitních panelů a/nebo profilových desekEN: Process for producing large-area ribbed composite panels and/or profile plates,"Vysoká škola technická a ekonomická v Českých Budějovicích, České Budějovice, Česká republika",6
PUV,2013-28816,26588,Zaniklý dokument,"B32B3/08, B32B3/10, B32B3/30",CS: Velkoplošný žebrovaný kompozitní panel a/nebo profilová deskaEN: Large-area ribbed composite panel and/or profile plate,"Vysoká škola technická a ekonomická v Českých Budějovicích, České Budějovice, Česká republika",6
PUV,2013-28679,26484,Zaniklý dokument,"E01B7/00, E01B7/22, E01B26/00, E01B2/00","CS: Uspořádání podpražcových podložek u železničních výhybek tvaru 1:18,5-1200-l s přechodovou oblastí ve výhybceEN: Arrangement of sleeper back plates in railway points of the 1:18.5-1200-l shape with transient area in the points","Vysoké učení technické v Brně, Brno, Česká republika",25
PUV,2013-28680,26485,Zaniklý dokument,"E01B7/00, E01B7/22, E01B26/00, E01B2/00",CS: Uspořádání podpražcových podložek u železničních výhybek tvaru 1:14-760 s přechodovou oblastí ve výhybceEN: Arrangement of sleeper back plates in railway points of the 1:14.5-760 shape with transient area in the points,"Vysoké učení technické v Brně, Brno, Česká republika",25
PUV,2013-28681,26486,Zaniklý dokument,"E01B7/00, E01B7/22, E01B26/00, E01B2/00",CS: Uspořádání podpražcových podložek u železničních výhybek tvaru 1:12-500-I s přechodovou oblastí před žlabovými pražciEN: Arrangement of sleeper back plates in railway points of the 1:12-500-I shape with transient area in front of pea-pod sleepers,"Vysoké učení technické v Brně, Brno, Česká republika",25
PUV,2013-28682,26487,Zaniklý dokument,"E01B7/00, E01B7/22, E01B26/00, E01B2/00","CS: Uspořádání podpražcových podložek u železničních výhybek tvaru 1:18,5-1200-l s přechodovou oblastí před žlabovými pražciEN: Arrangement of sleeper back plates in railway points of the 1:18.5-1200-I shape with transient area in front of pea-pod sleepers","Vysoké učení technické v Brně, Brno, Česká republika",25
PUV,2013-28683,26488,Zaniklý dokument,"E01B7/00, E01B7/22, E01B26/00, E01B2/00",CS: Uspořádání podpražcových podložek u železničních výhybek tvaru 1:14-760 s přechodovou oblastí před žlabovými pražciEN: Arrangement of sleeper back plates in railway points of the 1:14-760 shape with transient area in front of pea-pod sleepers,"Vysoké učení technické v Brně, Brno, Česká republika",25
PV,2013-904,305208,Platný dokument,"D02J1/22, D01D5/247, D01D5/24",CS: Způsob úpravy dutého vlákna pro výměníky teplaEN: Method of modifying hollow fiber for heat exchangers,"Vysoké učení technické v Brně, Brno, Veveří, Česká republika",25
PUV,2014-30443,28265,Platný dokument,"E01B7/00, E01B7/22, E01B26/00, E01B2/00",CS: Uspořádání podpražcových podložek u železničních výhybek tvaru 1:9-300 s přechodovou oblastí před žlabovými pražciEN: Arrangement of sleeper footplates of railway points of the 1:9-300 shape with transient region in front of pea-pod sleepers,"Vysoké učení technické v Brně, Brno, Veveří, Česká republika",25
PV,2016-598,307245,Platný dokument,"F28F9/00, B29C53/58, B29C70/06, B01D63/02, F23L15/04",CS: Výměník tepla na bázi polymerních vláken a způsob jeho vytvořeníEN: A heat exchanger based on hollow polymer fibres and a method of its formation,"Vysoké učení technické v Brně, Brno, Veveří, Česká republika",25
PV,2016-765,307033,Platný dokument,"B01D63/02, F28F9/04",CS: Modul výměníku na bázi dutých polymerních vlákenEN: An exchanger module based on hollow polymeric fibres,"Vysoké učení technické v Brně, Brno, Veveří, Česká republika",25
PUV,2017-33329,30513,Platný dokument,"B01D63/02, F28F9/04",CS: Sběrná komora tepelného výměníku z dutých vlákenEN: A collecting chamber of a heat exchanger of hollow fibres,"Vysoké učení technické v Brně, Brno, Veveří, Česká republika",25
PV,2018-16,307878,Platný dokument,"F28F9/04, B01D63/02",CS: Výměník na bázi dutých polymerních vláken a způsob jeho zhotoveníEN: Hollow polymer fibre-based exchanger and how to produce it,"Vysoké učení technické v Brně, Brno, Veveří, Česká republika",25
PV,2020-247,308602,Platný dokument,"E01D11/02, E01D22/00, E01D101/32",CS: Zesílení visutého pásu externím předpětímEN: Reinforcement of a suspended belt by external pre-stressing,"Vysoké učení technické v Brně, Brno, Veveří, Česká republika",25
PV,2020-247,308602,Platný dokument,"E01D11/02, E01D22/00, E01D101/32",CS: Zesílení visutého pásu externím předpětímEN: Reinforcement of a suspended belt by external pre-stressing,"Vysoké učení technické v Brně, Brno, Veveří, Česká republika",25
PUV,2015-30766,28081,Platný dokument,B64D17/80,CS: Záchranné zařízení pro bezpilotní letecké prostředkyEN: Life-saving equipment for unmanned air vehicles,"Vysoké učení technické v Brně, Brno, Veveří, Česká republikaIng. Milan Bábovka, Liberec, Česká republika",25
EP,2016-152684,3050805,Platný dokument,"B64D17/50, B64D17/52, B64D17/72, B64D17/80, B64C39/02, B64D17/42",CS: Záchranné zařízení pro bezpilotní letecké prostředkyEN: EMERGENCY EQUIPMENT FOR UNMANNED AERIAL VEHICLES,"Vysoké učení technické v Brně, Brno, Veveří, Česká republikaMilan Bábovka, Liberec, Liberec III-Jeřáb, Česká republika",25
PV,2014-520,305632,Platný dokument,"H01L31/052, H02S40/42",CS: Chlazený fotovoltaický solární modulEN: Cooled photovoltaic solar module,"Vysoké učení technické v Brně, Brno, Veveří, Česká republikaprof. Dr. Ing. Marcus Reppich, 86199 Augsburg, Spolková republika Německo",25
PUV,2019-36478,33460,Platný dokument,"C12C12/00, C12C11/00",CS: Spodně kvašené pivo s ovocným a bylino-kořenitým aromaEN: Bottom-fermented beer with fruity and herb-spicy aroma,"Výzkumný ústav pivovarský a sladařský, a.s., Praha 2, Nové Město, Česká republikaUniverzita Karlova, Praha 1, Staré Město, Česká republika",14
PV,2021-419,309528,Platný dokument,"C12N1/16, C12R1/865, C12C11/02, C12H3/00",CS: Kmen kvasinek Saccharomyces cerevisiae CCM 9181 a jeho použití při výrobě nízkoalkoholického a nealkoholického pivaEN: Yeast strain Saccharomyces cerevisiae CCM 9181 and its use in producing low-alcohol and non-alcohol beer,"Výzkumný ústav pivovarský a sladařský, a.s., Praha 2, Nové Město, Česká republikaUniverzita Karlova, Praha 1, Staré Město, Česká republika",14
PUV,2019-36478,33460,Platný dokument,"C12C12/00, C12C11/00",CS: Spodně kvašené pivo s ovocným a bylino-kořenitým aromaEN: Bottom-fermented beer with fruity and herb-spicy aroma,"Výzkumný ústav pivovarský a sladařský, a.s., Praha 2, Nové Město, Česká republikaUniverzita Karlova, Praha 1, Staré Město, Česká republika",14
PV,2021-419,309528,Platný dokument,"C12N1/16, C12R1/865, C12C11/02, C12H3/00",CS: Kmen kvasinek Saccharomyces cerevisiae CCM 9181 a jeho použití při výrobě nízkoalkoholického a nealkoholického pivaEN: Yeast strain Saccharomyces cerevisiae CCM 9181 and its use in producing low-alcohol and non-alcohol beer,"Výzkumný ústav pivovarský a sladařský, a.s., Praha 2, Nové Město, Česká republikaUniverzita Karlova, Praha 1, Staré Město, Česká republika",14
PUV,2014-30366,27871,Platný dokument,"A23L1/06, A23L1/30, A61K36/15, A23L33/10","CS: Potravinářské výrobky typu pyré, džemy, pomazánky obohacené o lignanyEN: Food products of the puree type, jams and spreads enriched with ligands","Výzkumný ústav potravinářský Praha, v. v. i., Praha 10, Hostivař, Česká republikaMendelova univerzita v Brně, Brno, Černá Pole, Česká republikaÚstav výzkumu globální změny AV ČR, v. v. i., Brno, Staré Brno, Česká republika",8
PUV,2013-28595,26205,Zaniklý dokument,"A23L1/20, A23L11/00",CS: Karbanátek z naklíčené cizrnyEN: Hamburger from pregerminated chickpea,"Výzkumný ústav potravinářský Praha, v.v.i., Praha, Česká republikaVysoká škola chemicko-technologická v Praze, 
Fakulta potravinářské a biochemické technologie, Praha, Česká republika",21
